C_cid,C_seq_can_smiles,T_id,T_seq,IC50
1000,C1=CC=C(C=C1)C(CN)O,P03470,MNPNQKIITIGSICMVVGIISLILQIGNIISIWISHSIQTGNQNHTGICNQGIITYNVVAGQDSTSVILTGNSSLCPIRGWAIHSKDNGIRIGSKGDVFVIREPFISCSHLECRTFFLTQGALLNDKHSNGTVKDRSPYRALMSCPVGEAPSPYNSRFESVAWSASACHDGMGWLTIGISGPDNGAVAVLKYNGIITETIKSWRKKILRTQESECTCVNGSCFTIMTDGPSNGLASYKIFKIEKGKVTKSIELNAPNSHYEECSCYPDTGKVMCVCRDNWHGSNRPWVSFDQNLDYQIGYICSGVFGDNPRPKDGPGSCGPVSADGANGVKGFSYRYGNGVWIGRTKSDSSRHGFEMIWDPNGWTETDSRFSVRQDVVAMTDRSGYSGSFVQHPELTGLDCMRPCFWVELIRGRPEEETIWTSGSIISFCGVNSDTVDWSWPDGAELPFTIDK,870000.0
10000015,CC(=O)NC1CCC2=CC3=C(C(=C2C4=CC=C(C(=O)C=C14)OC)OC)OCO3,Q6B856,MREIVHIQAGQCGNQIGAKFWEVISDEHGIDPTGSYHGDSDLQLERINVYYNEATGNKYVPRAILVDLEPGTMDSVRSGPFGQIFRPDNFVFGQSGAGNNWAKGHYTEGAELVDSVLDVVRKESESCDCLQGFQLTHSLGGGTGSGMGTLLISKIREEYPDRIMNTFSVMPSPKVSDTVVEPYNATLSVHQLVENTDETYCIDNEALYDICFRTLKLTTPTYGDLNHLVSATMSGVTTCLRFPGQLNADLRKLAVNMVPFPRLHFFMPGFAPLTSRGSQQYRALTVPELTQQMFDSKNMMAACDPRHGRYLTVAAIFRGRMSMKEVDEQMLNVQNKNSSYFVEWIPNNVKTAVCDIPPRGLKMSATFIGNSTAIQELFKRISEQFTAMFRRKAFLHWYTGEGMDEMEFTEAESNMNDLVSEYQQYQDATADEQGEFEEEEGEDEA,2100.0
10000019,C1=CC=C(C=C1)C(CC(=O)O)NC(=O)CNC(=O)C2=CC(=CC=C2)N=C(N)N,P53708,MSPGASRGPRGSQAPLIAPLCCAAAALGMLLWSPACQAFNLDVEKLTVYSGPKGSYFGYAVDFHIPDARTASVLVGAPKANTSQPDIVEGGAVYYCPWPAEGSAQCRQIPFDTTNNRKIRVNGTKEPIEFKSNQWFGATVKAHKGKVVACAPLYHWRTLKPTPEKDPVGTCYVAIQNFSAYAEFSPCRNSNADPEGQGYCQAGFSLDFYKNGDLIVGGPGSFYWQGQVITASVADIIANYSFKDILRKLAGEKQTEVAPASYDDSYLGYSVAAGEFTGDSQQELVAGIPRGAQNFGYVSIINSTDMTFIQNFTGEQMASYFGYTVVVSDVNSDGLDDVLVGAPLFMEREFESNPREVGQIYLYLQVSSLLFRDPQILTGTETFGRFGSAMAHLGDLNQDGYNDIAIGVPFAGKDQRGKVLIYNGNKDGLNTKPSQVLQGVWASHAVPSGFGFTLRGDSDIDKNDYPDLIVGAFGTGKVAVYRARPVVTVDAQLLLHPMIINLENKTCQVPDSMTSAACFSLRVCASVTGQSIANTIVLMAEVQLDSLKQKGAIKRTLFLDNHQAHRVFPLVIKRQKSHQCQDFIVYLRDETEFRDKLSPINISLNYSLDESTFKEGLEVKPILNYYRENIVSEQAHILVDCGEDNLCVPDLKLSARPDKHQVIIGDENHLMLIINARNEGEGAYEAELFVMIPEEADYVGIERNNKGFRPLSCEYKMENVTRMVVCDLGNPMVSGTNYSLGLRFAVPRLEKTNMSINFDLQIRSSNKDNPDSNFVSLQINITAVAQVEIRGVSHPPQIVLPIHNWEPEEEPHKEEEVGPLVEHIYELHNIGPSTISDTILEVGWPFSARDEFLLYIFHIQTLGPLQCQPNPNINPQDIKPAASPEDTPELSAFLRNSTIPHLVRKRDVHVVEFHRQSPAKILNCTNIECLQISCAVGRLEGGESAVLKVRSRLWAHTFLQRKNDPYALASLVSFEVKKMPYTDQPAKLPEGSIVIKTSVIWATPNVSFSIPLWVIILAILLGLLVLAILTLALWKCGFFDRARPPQEDMTDREQLTNDKTPEA,383.0
10000019,C1=CC=C(C=C1)C(CC(=O)O)NC(=O)CNC(=O)C2=CC(=CC=C2)N=C(N)N,P08648,MGSRTPESPLHAVQLRWGPRRRPPLLPLLLLLLPPPPRVGGFNLDAEAPAVLSGPPGSFFGFSVEFYRPGTDGVSVLVGAPKANTSQPGVLQGGAVYLCPWGASPTQCTPIEFDSKGSRLLESSLSSSEGEEPVEYKSLQWFGATVRAHGSSILACAPLYSWRTEKEPLSDPVGTCYLSTDNFTRILEYAPCRSDFSWAAGQGYCQGGFSAEFTKTGRVVLGGPGSYFWQGQILSATQEQIAESYYPEYLINLVQGQLQTRQASSIYDDSYLGYSVAVGEFSGDDTEDFVAGVPKGNLTYGYVTILNGSDIRSLYNFSGEQMASYFGYAVAATDVNGDGLDDLLVGAPLLMDRTPDGRPQEVGRVYVYLQHPAGIEPTPTLTLTGHDEFGRFGSSLTPLGDLDQDGYNDVAIGAPFGGETQQGVVFVFPGGPGGLGSKPSQVLQPLWAASHTPDFFGSALRGGRDLDGNGYPDLIVGSFGVDKAVVYRGRPIVSASASLTIFPAMFNPEERSCSLEGNPVACINLSFCLNASGKHVADSIGFTVELQLDWQKQKGGVRRALFLASRQATLTQTLLIQNGAREDCREMKIYLRNESEFRDKLSPIHIALNFSLDPQAPVDSHGLRPALHYQSKSRIEDKAQILLDCGEDNICVPDLQLEVFGEQNHVYLGDKNALNLTFHAQNVGEGGAYEAELRVTAPPEAEYSGLVRHPGNFSSLSCDYFAVNQSRLLVCDLGNPMKAGASLWGGLRFTVPHLRDTKKTIQFDFQILSKNLNNSQSDVVSFRLSVEAQAQVTLNGVSKPEAVLFPVSDWHPRDQPQKEEDLGPAVHHVYELINQGPSSISQGVLELSCPQALEGQQLLYVTRVTGLNCTTNHPINPKGLELDPEGSLHHQQKREAPSRSSASSGPQILKCPEAECFRLRCELGPLHQQESQSLQLHFRVWAKTFLQREHQPFSLQCEAVYKALKMPYRILPRQLPQKERQVATAVQWTKAEGSYGVPLWIIILAILFGLLLLGLLIYILYKLGFFKRSLPYGTAMEKAQLKPPATSDA,17.0
10000019,C1=CC=C(C=C1)C(CC(=O)O)NC(=O)CNC(=O)C2=CC(=CC=C2)N=C(N)N,P05556,MNLQPIFWIGLISSVCCVFAQTDENRCLKANAKSCGECIQAGPNCGWCTNSTFLQEGMPTSARCDDLEALKKKGCPPDDIENPRGSKDIKKNKNVTNRSKGTAEKLKPEDIHQIQPQQLVLRLRSGEPQTFTLKFKRAEDYPIDLYYLMDLSYSMKDDLENVKSLGTDLMNEMRRITSDFRIGFGSFVEKTVMPYISTTPAKLRNPCTSEQNCTTPFSYKNVLSLTNKGEVFNELVGKQRISGNLDSPEGGFDAIMQVAVCGSLIGWRNVTRLLVFSTDAGFHFAGDGKLGGIVLPNDGQCHLENNMYTMSHYYDYPSIAHLVQKLSENNIQTIFAVTEEFQPVYKELKNLIPKSAVGTLSANSSNVIQLIIDAYNSLSSEVILENGKLSEGVTISYKSYCKNGVNGTGENGRKCSNISIGDEVQFEISITSNKCPKKDSDSFKIRPLGFTEEVEVILQYICECECQSEGIPESPKCHEGNGTFECGACRCNEGRVGRHCECSTDEVNSEDMDAYCRKENSSEICSNNGECVCGQCVCRKRDNTNEIYSGKFCECDNFNCDRSNGLICGGNGVCKCRVCECNPNYTGSACDCSLDTSTCEASNGQICNGRGICECGVCKCTDPKFQGQTCEMCQTCLGVCAEHKECVQCRAFNKGEKKDTCTQECSYFNITKVESRDKLPQPVQPDPVSHCKEKDVDDCWFYFTYSVNGNNEVMVHVVENPECPTGPDIIPIVAGVVAGIVLIGLALLLIWKLLMIIHDRREFAKFEKEKMNAKWDTGENPIYKSAVTTVVNPKYEGK,24.0
10000019,C1=CC=C(C=C1)C(CC(=O)O)NC(=O)CNC(=O)C2=CC(=CC=C2)N=C(N)N,P18084,MPRAPAPLYACLLGLCALLPRLAGLNICTSGSATSCEECLLIHPKCAWCSKEDFGSPRSITSRCDLRANLVKNGCGGEIESPASSFHVLRSLPLSSKGSGSAGWDVIQMTPQEIAVNLRPGDKTTFQLQVRQVEDYPVDLYYLMDLSLSMKDDLDNIRSLGTKLAEEMRKLTSNFRLGFGSFVDKDISPFSYTAPRYQTNPCIGYKLFPNCVPSFGFRHLLPLTDRVDSFNEEVRKQRVSRNRDAPEGGFDAVLQAAVCKEKIGWRKDALHLLVFTTDDVPHIALDGKLGGLVQPHDGQCHLNEANEYTASNQMDYPSLALLGEKLAENNINLIFAVTKNHYMLYKNFTALIPGTTVEILDGDSKNIIQLIINAYNSIRSKVELSVWDQPEDLNLFFTATCQDGVSYPGQRKCEGLKIGDTASFEVSLEARSCPSRHTEHVFALRPVGFRDSLEVGVTYNCTCGCSVGLEPNSARCNGSGTYVCGLCECSPGYLGTRCECQDGENQSVYQNLCREAEGKPLCSGRGDCSCNQCSCFESEFGKIYGPFCECDNFSCARNKGVLCSGHGECHCGECKCHAGYIGDNCNCSTDISTCRGRDGQICSERGHCLCGQCQCTEPGAFGEMCEKCPTCPDACSTKRDCVECLLLHSGKPDNQTCHSLCRDEVITWVDTIVKDDQEAVLCFYKTAKDCVMMFTYVELPSGKSNLTVLREPECGNTPNAMTILLAVVGSILLVGLALLAIWKLLVTIHDRREFAKFQSERSRARYEMASNPLYRKPISTHTVDFTFNKFNKSYNGTVD,1.0
10000019,C1=CC=C(C=C1)C(CC(=O)O)NC(=O)CNC(=O)C2=CC(=CC=C2)N=C(N)N,P05106,MRARPRPRPLWATVLALGALAGVGVGGPNICTTRGVSSCQQCLAVSPMCAWCSDEALPLGSPRCDLKENLLKDNCAPESIEFPVSEARVLEDRPLSDKGSGDSSQVTQVSPQRIALRLRPDDSKNFSIQVRQVEDYPVDIYYLMDLSYSMKDDLWSIQNLGTKLATQMRKLTSNLRIGFGAFVDKPVSPYMYISPPEALENPCYDMKTTCLPMFGYKHVLTLTDQVTRFNEEVKKQSVSRNRDAPEGGFDAIMQATVCDEKIGWRNDASHLLVFTTDAKTHIALDGRLAGIVQPNDGQCHVGSDNHYSASTTMDYPSLGLMTEKLSQKNINLIFAVTENVVNLYQNYSELIPGTTVGVLSMDSSNVLQLIVDAYGKIRSKVELEVRDLPEELSLSFNATCLNNEVIPGLKSCMGLKIGDTVSFSIEAKVRGCPQEKEKSFTIKPVGFKDSLIVQVTFDCDCACQAQAEPNSHRCNNGNGTFECGVCRCGPGWLGSQCECSEEDYRPSQQDECSPREGQPVCSQRGECLCGQCVCHSSDFGKITGKYCECDDFSCVRYKGEMCSGHGQCSCGDCLCDSDWTGYYCNCTTRTDTCMSSNGLLCSGRGKCECGSCVCIQPGSYGDTCEKCPTCPDACTFKKECVECKKFDRGALHDENTCNRYCRDEIESVKELKDTGKDAVNCTYKNEDDCVVRFQYYEDSSGKSILYVVEEPECPKGPDILVVLLSVMGAILLIGLAALLIWKLLITIHDRKEFAKFEEERARAKWDTANNPLYKEATSTFTNITYRGT,4.0
10000019,C1=CC=C(C=C1)C(CC(=O)O)NC(=O)CNC(=O)C2=CC(=CC=C2)N=C(N)N,P26012,MCGSALAFFTAAFVCLQNDRRGPASFLWAAWVFSLVLGLGQGEDNRCASSNAASCARCLALGPECGWCVQEDFISGGSRSERCDIVSNLISKGCSVDSIEYPSVHVIIPTENEINTQVTPGEVSIQLRPGAEANFMLKVHPLKKYPVDLYYLVDVSASMHNNIEKLNSVGNDLSRKMAFFSRDFRLGFGSYVDKTVSPYISIHPERIHNQCSDYNLDCMPPHGYIHVLSLTENITEFEKAVHRQKISGNIDTPEGGFDAMLQAAVCESHIGWRKEAKRLLLVMTDQTSHLALDSKLAGIVVPNDGNCHLKNNVYVKSTTMEHPSLGQLSEKLIDNNINVIFAVQGKQFHWYKDLLPLLPGTIAGEIESKAANLNNLVVEAYQKLISEVKVQVENQVQGIYFNITAICPDGSRKPGMEGCRNVTSNDEVLFNVTVTMKKCDVTGGKNYAIIKPIGFNETAKIHIHRNCSCQCEDNRGPKGKCVDETFLDSKCFQCDENKCHFDEDQFSSESCKSHKDQPVCSGRGVCVCGKCSCHKIKLGKVYGKYCEKDDFSCPYHHGNLCAGHGECEAGRCQCFSGWEGDRCQCPSAAAQHCVNSKGQVCSGRGTCVCGRCECTDPRSIGRFCEHCPTCYTACKENWNCMQCLHPHNLSQAILDQCKTSCALMEQQHYVDQTSECFSSPSYLRIFFIIFIVTFLIGLLKVLIIRQVILQWNSNKIKSSSDYRVSASKKDKLILQSVCTRAVTYRREKPEEIKMDISKLNAHETFRCNF,66.0
10000020,CN1C=C(C2=C1C=CC(=C2)OC)C=C3C4=C(C=CC(=C4)S(=O)(=O)N)NC3=O,Q16620,MSSWIRWHGPAMARLWGFCWLVVGFWRAAFACPTSCKCSASRIWCSDPSPGIVAFPRLEPNSVDPENITEIFIANQKRLEIINEDDVEAYVGLRNLTIVDSGLKFVAHKAFLKNSNLQHINFTRNKLTSLSRKHFRHLDLSELILVGNPFTCSCDIMWIKTLQEAKSSPDTQDLYCLNESSKNIPLANLQIPNCGLPSANLAAPNLTVEEGKSITLSCSVAGDPVPNMYWDVGNLVSKHMNETSHTQGSLRITNISSDDSGKQISCVAENLVGEDQDSVNLTVHFAPTITFLESPTSDHHWCIPFTVKGNPKPALQWFYNGAILNESKYICTKIHVTNHTEYHGCLQLDNPTHMNNGDYTLIAKNEYGKDEKQISAHFMGWPGIDDGANPNYPDVIYEDYGTAANDIGDTTNRSNEIPSTDVTDKTGREHLSVYAVVVIASVVGFCLLVMLFLLKLARHSKFGMKGPASVISNDDDSASPLHHISNGSNTPSSSEGGPDAVIIGMTKIPVIENPQYFGITNSQLKPDTFVQHIKRHNIVLKRELGEGAFGKVFLAECYNLCPEQDKILVAVKTLKDASDNARKDFHREAELLTNLQHEHIVKFYGVCVEGDPLIMVFEYMKHGDLNKFLRAHGPDAVLMAEGNPPTELTQSQMLHIAQQIAAGMVYLASQHFVHRDLATRNCLVGENLLVKIGDFGMSRDVYSTDYYRVGGHTMLPIRWMPPESIMYRKFTTESDVWSLGVVLWEIFTYGKQPWYQLSNNEVIECITQGRVLQRPRTCPQEVYELMLGCWQREPHMRKNIKGIHTLLQNLAKASPVYLDILG,3.9
10000020,CN1C=C(C2=C1C=CC(=C2)OC)C=C3C4=C(C=CC(=C4)S(=O)(=O)N)NC3=O,P43405,MASSGMADSANHLPFFFGNITREEAEDYLVQGGMSDGLYLLRQSRNYLGGFALSVAHGRKAHHYTIERELNGTYAIAGGRTHASPADLCHYHSQESDGLVCLLKKPFNRPQGVQPKTGPFEDLKENLIREYVKQTWNLQGQALEQAIISQKPQLEKLIATTAHEKMPWFHGKISREESEQIVLIGSKTNGKFLIRARDNNGSYALCLLHEGKVLHYRIDKDKTGKLSIPEGKKFDTLWQLVEHYSYKADGLLRVLTVPCQKIGTQGNVNFGGRPQLPGSHPATWSAGGIISRIKSYSFPKPGHRKSSPAQGNRQESTVSFNPYEPELAPWAADKGPQREALPMDTEVYESPYADPEEIRPKEVYLDRKLLTLEDKELGSGNFGTVKKGYYQMKKVVKTVAVKILKNEANDPALKDELLAEANVMQQLDNPYIVRMIGICEAESWMLVMEMAELGPLNKYLQQNRHVKDKNIIELVHQVSMGMKYLEESNFVHRDLAARNVLLVTQHYAKISDFGLSKALRADENYYKAQTHGKWPVKWYAPECINYYKFSSKSDVWSFGVLMWEAFSYGQKPYRGMKGSEVTAMLEKGERMGCPAGCPREMYDLMNLCWTYDVENRPGFAAVELRLRNYYYDVVN,5.0
